receipt_image,text,predicted_label,confidence
receipt_image_309_jpg.rf.LBG1J6bHp1qUJEPtv3yM.jpg,city,not_food,0.578
receipt_image_309_jpg.rf.LBG1J6bHp1qUJEPtv3yM.jpg,TOTAL A PAYER,not_food,0.6992
receipt_image_309_jpg.rf.LBG1J6bHp1qUJEPtv3yM.jpg,MERCI DE VOTRE VISITE,not_food,0.6994
receipt_image_515_jpg.rf.7NJsbOzaWFccmyeKUO98.jpg,SETAPAK.,not_food,0.7803
receipt_image_515_jpg.rf.7NJsbOzaWFccmyeKUO98.jpg,"53200, KUALA LUMPUR.",not_food,0.5017
receipt_image_515_jpg.rf.7NJsbOzaWFccmyeKUO98.jpg,Doc No.,not_food,0.6627
receipt_image_515_jpg.rf.7NJsbOzaWFccmyeKUO98.jpg,Salesperson,not_food,0.5617
1098-receipt_jpg.rf.EiX45iSGHEcL37vZtuDY.jpg,Mineola NY 11501,not_food,0.7172
1098-receipt_jpg.rf.EiX45iSGHEcL37vZtuDY.jpg,907 Victor V,not_food,0.5812
1098-receipt_jpg.rf.EiX45iSGHEcL37vZtuDY.jpg,Tb1 12/1,not_food,0.778
1098-receipt_jpg.rf.EiX45iSGHEcL37vZtuDY.jpg,Bar,not_food,0.5289
1098-receipt_jpg.rf.EiX45iSGHEcL37vZtuDY.jpg,Subtotal,not_food,0.5448
receipt_image_507_jpg.rf.T18rHZlhz5SmevUYwiNb.jpg,SETAPAK.,not_food,0.7803
receipt_image_507_jpg.rf.T18rHZlhz5SmevUYwiNb.jpg,"53200,KUALA LUMPUR.",not_food,0.5017
receipt_image_507_jpg.rf.T18rHZlhz5SmevUYwiNb.jpg,Doc No.,not_food,0.6627
receipt_image_507_jpg.rf.T18rHZlhz5SmevUYwiNb.jpg,Salesperson,not_food,0.5617
receipt_image_507_jpg.rf.T18rHZlhz5SmevUYwiNb.jpg,THINNER BOTTLE,not_food,0.6376
receipt_image_112_jpg.rf.DRsj4IGcyk5HYyzIqlox.jpg,WE TAKE RESERVATONS,not_food,0.6966
receipt_image_112_jpg.rf.DRsj4IGcyk5HYyzIqlox.jpg,ENET,not_food,0.6596
receipt_image_606_jpg.rf.kI7lZi9Jw8ZdVdyS2YEO.jpg,Doc No,not_food,0.6441
receipt_image_606_jpg.rf.kI7lZi9Jw8ZdVdyS2YEO.jpg,Tine:,not_food,0.6309
receipt_image_606_jpg.rf.kI7lZi9Jw8ZdVdyS2YEO.jpg,Salesperson,not_food,0.5617
receipt_image_606_jpg.rf.kI7lZi9Jw8ZdVdyS2YEO.jpg,Tay,not_food,0.6731
receipt_image_606_jpg.rf.kI7lZi9Jw8ZdVdyS2YEO.jpg,Tolal Qty,not_food,0.6014
receipt_image_606_jpg.rf.kI7lZi9Jw8ZdVdyS2YEO.jpg,Total Sales (Exciuding GST),not_food,0.5838
receipt_image_606_jpg.rf.kI7lZi9Jw8ZdVdyS2YEO.jpg,SDN BHD,not_food,0.6648
receipt_image_448_jpg.rf.lOnihBosnpevMbaaQz0F.jpg,Tender,not_food,0.7216
receipt_image_448_jpg.rf.lOnihBosnpevMbaaQz0F.jpg,BIG.COM.MY,not_food,0.6695
receipt_image_448_jpg.rf.lOnihBosnpevMbaaQz0F.jpg,EXCHANGE & REFUND MAY BE ALLOWED,not_food,0.5138
fast-food-receipt-for-ice-cream-frozen-yogurt-custard-store1_jpg.rf.gTKeK0AnGoD2I4GlNcEm.jpg,SUBTOTAL,not_food,0.5448
fast-food-receipt-for-ice-cream-frozen-yogurt-custard-store1_jpg.rf.gTKeK0AnGoD2I4GlNcEm.jpg,CREDIT CARD AUTH,not_food,0.7946
1103-receipt_jpg.rf.w9zpUOqasxlHHbwlBQwT.jpg,8012 Georgla Ave.,not_food,0.5927
1103-receipt_jpg.rf.w9zpUOqasxlHHbwlBQwT.jpg,DENIS,not_food,0.5412
1103-receipt_jpg.rf.w9zpUOqasxlHHbwlBQwT.jpg,Carryout,not_food,0.7485
1103-receipt_jpg.rf.w9zpUOqasxlHHbwlBQwT.jpg,Extras,not_food,0.7227
1103-receipt_jpg.rf.w9zpUOqasxlHHbwlBQwT.jpg,SUBTOTAL:,not_food,0.6053
1103-receipt_jpg.rf.w9zpUOqasxlHHbwlBQwT.jpg,Carry Out,not_food,0.702
1103-receipt_jpg.rf.w9zpUOqasxlHHbwlBQwT.jpg,Last Serviced,not_food,0.6973
receipt_image_647_jpg.rf.tas0IltPQjScvNpSaRKO.jpg,BEMED (SP) SDN. BHD.,not_food,0.5586
receipt_image_647_jpg.rf.tas0IltPQjScvNpSaRKO.jpg,Price,not_food,0.699
receipt_image_647_jpg.rf.tas0IltPQjScvNpSaRKO.jpg,SubTotal:,not_food,0.6053
receipt_image_647_jpg.rf.tas0IltPQjScvNpSaRKO.jpg,Otk,not_food,0.7732
receipt_image_210_jpg.rf.Gnjzc1HeSdC8owSpdRQ5.jpg,Christchurch 8011,not_food,0.7747
receipt_image_210_jpg.rf.Gnjzc1HeSdC8owSpdRQ5.jpg,Ticket: Fam w the terrifying kid.,not_food,0.6786
receipt_image_210_jpg.rf.Gnjzc1HeSdC8owSpdRQ5.jpg,The DONx3,not_food,0.6835
receipt_image_865_jpg.rf.jiZEc4kY6lCud8VrwtLf.jpg,GLOBAL,not_food,0.7989
receipt_image_865_jpg.rf.jiZEc4kY6lCud8VrwtLf.jpg,ASH,not_food,0.6869
receipt_image_408_jpg.rf.VjPQbbiHEbM2Bejgm4dW.jpg,TBL 18,not_food,0.7123
receipt_image_408_jpg.rf.VjPQbbiHEbM2Bejgm4dW.jpg,Subtotal,not_food,0.5448
receipt_image_408_jpg.rf.VjPQbbiHEbM2Bejgm4dW.jpg,Tax Resto 10%,not_food,0.6746
receipt_image_595_jpg.rf.SOVzX3ADqhxWtcN4ZnEA.jpg,GREATZONE HOUSEHOLD CENTRE SDN BHD,not_food,0.6999
receipt_image_595_jpg.rf.SOVzX3ADqhxWtcN4ZnEA.jpg,KLG2,not_food,0.7397
receipt_image_595_jpg.rf.SOVzX3ADqhxWtcN4ZnEA.jpg,20 PC,not_food,0.7212
receipt_image_595_jpg.rf.SOVzX3ADqhxWtcN4ZnEA.jpg,6PC*,not_food,0.7276
receipt_image_595_jpg.rf.SOVzX3ADqhxWtcN4ZnEA.jpg,Sub Total (Exclusive GST):,not_food,0.5664
receipt_image_595_jpg.rf.SOVzX3ADqhxWtcN4ZnEA.jpg,Amount(RM),not_food,0.7259
receipt_image_695_jpg.rf.2IqM9O5G2yAJA9oaIwNI.jpg,New Delh1-110001,not_food,0.5047
receipt_image_695_jpg.rf.2IqM9O5G2yAJA9oaIwNI.jpg,UID,not_food,0.5444
receipt_image_695_jpg.rf.2IqM9O5G2yAJA9oaIwNI.jpg,Gross Amount,not_food,0.7559
receipt_image_695_jpg.rf.2IqM9O5G2yAJA9oaIwNI.jpg,dineout 635107 mr.karan,not_food,0.6586
1162-receipt_jpg.rf.E9Omd1Q42G3qrXURzPh5.jpg,Dine,not_food,0.6368
1162-receipt_jpg.rf.E9Omd1Q42G3qrXURzPh5.jpg,Subtotal,not_food,0.5448
receipt_image_164_jpg.rf.nfMKrKhTylUZ4HQaIHvF.jpg,Subto,not_food,0.6644
receipt_image_164_jpg.rf.nfMKrKhTylUZ4HQaIHvF.jpg,Server Chis D,not_food,0.7754
receipt_image_164_jpg.rf.nfMKrKhTylUZ4HQaIHvF.jpg,Tota,not_food,0.7181
receipt_image_164_jpg.rf.nfMKrKhTylUZ4HQaIHvF.jpg,Medium,not_food,0.6644
receipt_image_164_jpg.rf.nfMKrKhTylUZ4HQaIHvF.jpg,-Medium Rare,not_food,0.6552
receipt_image_164_jpg.rf.nfMKrKhTylUZ4HQaIHvF.jpg,Sides,not_food,0.7497
receipt_image_164_jpg.rf.nfMKrKhTylUZ4HQaIHvF.jpg,Subtotal,not_food,0.5448
receipt_image_357_jpg.rf.uPOa560BorU1dS0qjmSS.jpg,SUPER,not_food,0.687
receipt_image_357_jpg.rf.uPOa560BorU1dS0qjmSS.jpg,INDO,not_food,0.7391
receipt_image_357_jpg.rf.uPOa560BorU1dS0qjmSS.jpg,BEKASI,not_food,0.7467
receipt_image_357_jpg.rf.uPOa560BorU1dS0qjmSS.jpg,MARINA LOT E COLL,not_food,0.7611
receipt_image_357_jpg.rf.uPOa560BorU1dS0qjmSS.jpg,Pembulatan,not_food,0.6943
receipt_image_357_jpg.rf.uPOa560BorU1dS0qjmSS.jpg,BKP,not_food,0.5267
receipt_image_357_jpg.rf.uPOa560BorU1dS0qjmSS.jpg,www.superindo.co.id,not_food,0.6053
receipt_image_91_jpg.rf.A72gBz9labJJZuvdFOxZ.jpg,124 East Park Ave,not_food,0.5356
receipt_image_91_jpg.rf.A72gBz9labJJZuvdFOxZ.jpg,Server: Regina,not_food,0.7167
receipt_image_91_jpg.rf.A72gBz9labJJZuvdFOxZ.jpg,Dine In,not_food,0.5661
receipt_image_91_jpg.rf.A72gBz9labJJZuvdFOxZ.jpg,Guests: 2,not_food,0.6353
receipt_image_91_jpg.rf.A72gBz9labJJZuvdFOxZ.jpg,Shr1mp,not_food,0.626
receipt_image_91_jpg.rf.A72gBz9labJJZuvdFOxZ.jpg,>» Ticket #: 23 <,not_food,0.6467
1060-receipt_jpg.rf.udSWFdyrTj28iCOGGWRA.jpg,Guests: 2,not_food,0.6353
1060-receipt_jpg.rf.udSWFdyrTj28iCOGGWRA.jpg,Subtotal,not_food,0.5448
1060-receipt_jpg.rf.udSWFdyrTj28iCOGGWRA.jpg,Balance Due,not_food,0.7806
1060-receipt_jpg.rf.udSWFdyrTj28iCOGGWRA.jpg,"To find out. why, visit",not_food,0.6344
1046-receipt_jpg.rf.IxaAYmwmwz03gtr7uFVw.jpg,you gox,not_food,0.6599
1046-receipt_jpg.rf.IxaAYmwmwz03gtr7uFVw.jpg,17861 BISCAYNE BLVD,not_food,0.7282
1046-receipt_jpg.rf.IxaAYmwmwz03gtr7uFVw.jpg,10% (10.00%),not_food,0.7529
1046-receipt_jpg.rf.IxaAYmwmwz03gtr7uFVw.jpg,Subtotal,not_food,0.5448
1149-receipt_jpg.rf.p4ieS0u7lFAcS9dBoi25.jpg,Dine In,not_food,0.5661
1149-receipt_jpg.rf.p4ieS0u7lFAcS9dBoi25.jpg,SubTotal,not_food,0.5448
1149-receipt_jpg.rf.p4ieS0u7lFAcS9dBoi25.jpg,Gratuity,not_food,0.7789
1078-receipt_jpg.rf.yLsJebdGKnBj1FXjgxBl.jpg,Please ask for Credit Card Receipt,not_food,0.7076
1078-receipt_jpg.rf.yLsJebdGKnBj1FXjgxBl.jpg,Subtotal:,not_food,0.6053
1078-receipt_jpg.rf.yLsJebdGKnBj1FXjgxBl.jpg,Suggested Gratuity,not_food,0.5756
1078-receipt_jpg.rf.yLsJebdGKnBj1FXjgxBl.jpg,Tip,not_food,0.7706
1192-receipt_jpg.rf.IewnIxLlqx7V1B6onmnR.jpg,28120 Jane11 M,not_food,0.6243
1192-receipt_jpg.rf.IewnIxLlqx7V1B6onmnR.jpg,Tb1 127/1 Chk 3885,not_food,0.5163
1192-receipt_jpg.rf.IewnIxLlqx7V1B6onmnR.jpg,1 RIBS 1/2 ST,not_food,0.644
1192-receipt_jpg.rf.IewnIxLlqx7V1B6onmnR.jpg,K TIMING,not_food,0.79
1192-receipt_jpg.rf.IewnIxLlqx7V1B6onmnR.jpg,SUBTOTAL,not_food,0.5448
1192-receipt_jpg.rf.IewnIxLlqx7V1B6onmnR.jpg,leadining,not_food,0.5233
1192-receipt_jpg.rf.IewnIxLlqx7V1B6onmnR.jpg,for datatls or join online at:,not_food,0.6395
receipt_image_142_jpg.rf.ht63kiyKmF273GCXcyqo.jpg,Price,not_food,0.699
receipt_image_142_jpg.rf.ht63kiyKmF273GCXcyqo.jpg,Net SubTotal:,not_food,0.6639
receipt_image_142_jpg.rf.ht63kiyKmF273GCXcyqo.jpg,2OXVAT,not_food,0.515
receipt_image_142_jpg.rf.ht63kiyKmF273GCXcyqo.jpg,Recetved:,not_food,0.7931
receipt_image_443_jpg.rf.KfABGWneOfiiXzPnvxfE.jpg,"109, SS21/1A,",not_food,0.7897
receipt_image_443_jpg.rf.KfABGWneOfiiXzPnvxfE.jpg,BILL DT:,not_food,0.7452
receipt_image_443_jpg.rf.KfABGWneOfiiXzPnvxfE.jpg,ROUNDING ADJ,not_food,0.7404
receipt_image_443_jpg.rf.KfABGWneOfiiXzPnvxfE.jpg,°omenar,not_food,0.7101
receipt_image_443_jpg.rf.KfABGWneOfiiXzPnvxfE.jpg,Aga1,not_food,0.5675
receipt_image_595_jpg.rf.1eaYBbrfO9Jmu1eYtlz2.jpg,GREATZONE HOUSEHOLD CENTRE SDN BHD,not_food,0.6999
receipt_image_595_jpg.rf.1eaYBbrfO9Jmu1eYtlz2.jpg,KLG2,not_food,0.7397
receipt_image_595_jpg.rf.1eaYBbrfO9Jmu1eYtlz2.jpg,20 PC,not_food,0.7212
receipt_image_595_jpg.rf.1eaYBbrfO9Jmu1eYtlz2.jpg,Sub Total (Exclusive GST) :,not_food,0.5664
receipt_image_595_jpg.rf.1eaYBbrfO9Jmu1eYtlz2.jpg,Amount(RM),not_food,0.7259
receipt_image_306_jpg.rf.ZlZho665f1Fqo4muFGQ2.jpg,STATION #5 SERV #648,not_food,0.6532
receipt_image_306_jpg.rf.ZlZho665f1Fqo4muFGQ2.jpg,THANKYOU!,not_food,0.7295
receipt_image_258_jpg.rf.bZZwUcdqNOGBELgL870s.jpg,SALE,not_food,0.5532
receipt_image_258_jpg.rf.bZZwUcdqNOGBELgL870s.jpg,SUBTOTAL,not_food,0.5448
receipt_image_258_jpg.rf.bZZwUcdqNOGBELgL870s.jpg,SGST,not_food,0.5052
receipt_image_326_jpg.rf.RTEktxT0QvpAE8mcF2ie.jpg,GENERAL Ord.No:,not_food,0.6933
receipt_image_326_jpg.rf.RTEktxT0QvpAE8mcF2ie.jpg,CGST #2.50%,not_food,0.7082
receipt_image_326_jpg.rf.RTEktxT0QvpAE8mcF2ie.jpg,SGST 82.50%,not_food,0.5096
receipt_image_326_jpg.rf.RTEktxT0QvpAE8mcF2ie.jpg,THANK YOU VISIT AGAIN,not_food,0.7315
1052-receipt_jpg.rf.ARjYKnhkc5LJnF7YXF3N.jpg,www.nancysrestaurant.net,not_food,0.6681
1052-receipt_jpg.rf.ARjYKnhkc5LJnF7YXF3N.jpg,106 Tom,not_food,0.6435
1052-receipt_jpg.rf.ARjYKnhkc5LJnF7YXF3N.jpg,Guests: 2,not_food,0.6353
1052-receipt_jpg.rf.ARjYKnhkc5LJnF7YXF3N.jpg,DINE IN,not_food,0.5661
1052-receipt_jpg.rf.ARjYKnhkc5LJnF7YXF3N.jpg,Hanger Sizzle,not_food,0.5479
1052-receipt_jpg.rf.ARjYKnhkc5LJnF7YXF3N.jpg,SUBTOTAL,not_food,0.5448
receipt_image_202_jpg.rf.zJPvgfNC00sChUG5jb9b.jpg,"SUNRISE, FL",not_food,0.6068
receipt_image_458_jpg.rf.PKa23mhg2WxgCHSphz0e.jpg,POPULAR BOOK,not_food,0.5882
receipt_image_458_jpg.rf.PKa23mhg2WxgCHSphz0e.jpg,8. Jalan 7/118B. Desa Tun Razak,not_food,0.7039
receipt_image_458_jpg.rf.PKa23mhg2WxgCHSphz0e.jpg,Sunway Pyramid Convention Centre,not_food,0.7672
receipt_image_458_jpg.rf.PKa23mhg2WxgCHSphz0e.jpg,T0 6%,not_food,0.792
receipt_image_458_jpg.rf.PKa23mhg2WxgCHSphz0e.jpg,AND ENJOY SPECIAL DISCOUNTS,not_food,0.534
receipt_image_458_jpg.rf.PKa23mhg2WxgCHSphz0e.jpg,THANK YOU. PLEASE COME AGAIN.,not_food,0.6283
receipt_image_609_jpg.rf.qncwkFaKjy6wf9y72hBb.jpg,Total Rounded,not_food,0.5199
receipt_image_609_jpg.rf.qncwkFaKjy6wf9y72hBb.jpg,Items,not_food,0.7278
receipt_image_609_jpg.rf.qncwkFaKjy6wf9y72hBb.jpg,Thank you. Please come again.,not_food,0.6283
receipt_image_248_jpg.rf.wjgJ9iWdPFzPZxwf6GMK.jpg,--> Order Closed <--,not_food,0.555
1174-receipt_jpg.rf.XUJBW9MebnYEVjMH96c0.jpg,2023 South Pine Avenue,not_food,0.7561
1174-receipt_jpg.rf.XUJBW9MebnYEVjMH96c0.jpg,Server: Kyle118,not_food,0.7443
1174-receipt_jpg.rf.XUJBW9MebnYEVjMH96c0.jpg,Pay This Amount:,not_food,0.7139
receipt_image_940_jpg.rf.lEzCJrDBXe40yt1Yinlm.jpg,tiin ne,not_food,0.7006
receipt_image_940_jpg.rf.lEzCJrDBXe40yt1Yinlm.jpg,Value Added Tax @ 14 5%,not_food,0.7401
receipt_image_940_jpg.rf.lEzCJrDBXe40yt1Yinlm.jpg,Round Off,not_food,0.7138
receipt_image_940_jpg.rf.lEzCJrDBXe40yt1Yinlm.jpg,KOT NO : 2301,not_food,0.6419
receipt_image_940_jpg.rf.lEzCJrDBXe40yt1Yinlm.jpg,Total Items: 1,not_food,0.7482
receipt_image_940_jpg.rf.lEzCJrDBXe40yt1Yinlm.jpg,Thank You Visit Again,not_food,0.7315
receipt_image_699_jpg.rf.CIkeF7uCt90nxr3b1yUZ.jpg,Faridabad-121003.,not_food,0.5835
receipt_image_699_jpg.rf.CIkeF7uCt90nxr3b1yUZ.jpg,SGST@2.5,not_food,0.7738
receipt_image_444_jpg.rf.qlIUGCgPVjtbtbrRG9Tr.jpg,STOOGES,not_food,0.6976
receipt_image_444_jpg.rf.qlIUGCgPVjtbtbrRG9Tr.jpg,"109, SS21/1A,",not_food,0.7897
receipt_image_444_jpg.rf.qlIUGCgPVjtbtbrRG9Tr.jpg,Thank You. P1z Come Again,not_food,0.7448
receipt_image_291_jpg.rf.msAFlnYq7PVW9c5PCbTY.jpg,(A UNIT OF TIFFIN CENTRE),not_food,0.7775
1161-receipt_jpg.rf.Iig4os0FchjXEZLaWQyQ.jpg,loyeeR EURENIA,not_food,0.5895
1161-receipt_jpg.rf.Iig4os0FchjXEZLaWQyQ.jpg,Dine in,not_food,0.5661
1161-receipt_jpg.rf.Iig4os0FchjXEZLaWQyQ.jpg,Dine in,not_food,0.5661
1161-receipt_jpg.rf.Iig4os0FchjXEZLaWQyQ.jpg,Dine in,not_food,0.5661
1161-receipt_jpg.rf.Iig4os0FchjXEZLaWQyQ.jpg,Additional Tip,not_food,0.6276
receipt_image_843_jpg.rf.UlX77TUYeLC9owHlwzXZ.jpg,Gi11 Dawg,not_food,0.5633
receipt_image_843_jpg.rf.UlX77TUYeLC9owHlwzXZ.jpg,Subtotal,not_food,0.5448
receipt_image_738_jpg.rf.RYbDzv44jGaAhLXypsVI.jpg,Recelpt: 2238142,not_food,0.6689
receipt_image_738_jpg.rf.RYbDzv44jGaAhLXypsVI.jpg,Clerk: Carolyn M,not_food,0.7563
receipt_image_738_jpg.rf.RYbDzv44jGaAhLXypsVI.jpg,SLIM MT RNR PINE 10F 10376937,not_food,0.7021
receipt_image_738_jpg.rf.RYbDzv44jGaAhLXypsVI.jpg,Subtotal,not_food,0.5448
receipt_image_738_jpg.rf.RYbDzv44jGaAhLXypsVI.jpg,t   te,not_food,0.7825
receipt_image_738_jpg.rf.RYbDzv44jGaAhLXypsVI.jpg,Please tell us about your experlence,not_food,0.5739
1045-receipt_jpg.rf.ErMTUmKXY9f2hKOTLfYg.jpg,Server Yum,not_food,0.5066
1045-receipt_jpg.rf.ErMTUmKXY9f2hKOTLfYg.jpg,Bev Subtotal:,not_food,0.5428
receipt_image_259_jpg.rf.CG3rYc7GJ3JF4lN9Y98e.jpg,Cash Receipt,not_food,0.5106
receipt_image_259_jpg.rf.CG3rYc7GJ3JF4lN9Y98e.jpg,Consectetur,not_food,0.7216
receipt_image_259_jpg.rf.CG3rYc7GJ3JF4lN9Y98e.jpg,Adipiscing elit,not_food,0.7558
receipt_image_406_jpg.rf.FeZsz5Eqh5Jv3p5EWE35.jpg,www.sushitei.co.id,not_food,0.764
receipt_image_960_jpg.rf.xVJ4CokxHhdkwrUHDovl.jpg,CASH RECEIPT,not_food,0.5106
receipt_image_960_jpg.rf.xVJ4CokxHhdkwrUHDovl.jpg,Consectetur,not_food,0.7216
receipt_image_960_jpg.rf.xVJ4CokxHhdkwrUHDovl.jpg,Adipiscing elit,not_food,0.7558
receipt_image_960_jpg.rf.xVJ4CokxHhdkwrUHDovl.jpg,THANK YOUI,not_food,0.694
receipt_image_742_jpg.rf.e2nPQxxHpKR8huyIEDnB.jpg,Salesperson: RR,not_food,0.6467
receipt_image_742_jpg.rf.e2nPQxxHpKR8huyIEDnB.jpg,"Copper Foll, 1.5 mll, 7/32""",not_food,0.6159
receipt_image_742_jpg.rf.e2nPQxxHpKR8huyIEDnB.jpg,"Canfield Quick Set Solder, 1 Ib. spool",not_food,0.5553
receipt_image_742_jpg.rf.e2nPQxxHpKR8huyIEDnB.jpg,"Clear Square Bevel, 2""",not_food,0.5365
receipt_image_742_jpg.rf.e2nPQxxHpKR8huyIEDnB.jpg,Sales Amount,not_food,0.7613
receipt_image_742_jpg.rf.e2nPQxxHpKR8huyIEDnB.jpg,ThankYou!,not_food,0.7295
1189-receipt_jpg.rf.ANwq2QdWcqfcGGpaw3aD.jpg,187 MEGAN F,not_food,0.5751
1189-receipt_jpg.rf.ANwq2QdWcqfcGGpaw3aD.jpg,Chk 3923,not_food,0.7158
1189-receipt_jpg.rf.ANwq2QdWcqfcGGpaw3aD.jpg,Subtotal,not_food,0.5448
1189-receipt_jpg.rf.ANwq2QdWcqfcGGpaw3aD.jpg,PLEASE PAY YOUR SERVER,not_food,0.5826
receipt_image_175_jpg.rf.3m0ghDabhXcXqVUBdP9l.jpg,IG : @mie.gacoan,not_food,0.7537
receipt_image_175_jpg.rf.3m0ghDabhXcXqVUBdP9l.jpg,Grtal,not_food,0.5181
receipt_image_175_jpg.rf.3m0ghDabhXcXqVUBdP9l.jpg,SEela,not_food,0.7518
receipt_image_232_jpg.rf.tHorbxqpXO9ogU6hSAi1.jpg,PEGASUS ON THE FLY,not_food,0.7323
receipt_image_232_jpg.rf.tHorbxqpXO9ogU6hSAi1.jpg,Midway Airport,not_food,0.7541
receipt_image_232_jpg.rf.tHorbxqpXO9ogU6hSAi1.jpg,Server: abigail,not_food,0.6759
receipt_image_232_jpg.rf.tHorbxqpXO9ogU6hSAi1.jpg,Subtotal,not_food,0.5448
receipt_image_232_jpg.rf.tHorbxqpXO9ogU6hSAi1.jpg,VISA(Completed),not_food,0.7225
1055-receipt_jpg.rf.SKgjv4XslwinGOsiqHAM.jpg,ER!,not_food,0.7663
1055-receipt_jpg.rf.SKgjv4XslwinGOsiqHAM.jpg,THANKS CALL AGAIN 516-483-0936,not_food,0.7802
1055-receipt_jpg.rf.SKgjv4XslwinGOsiqHAM.jpg,SIERRA,not_food,0.5539
1055-receipt_jpg.rf.SKgjv4XslwinGOsiqHAM.jpg,MAC&CHZ,not_food,0.7686
1055-receipt_jpg.rf.SKgjv4XslwinGOsiqHAM.jpg,MAC&CHZ,not_food,0.7686
1055-receipt_jpg.rf.SKgjv4XslwinGOsiqHAM.jpg,1 COLL GRN,not_food,0.7419
1055-receipt_jpg.rf.SKgjv4XslwinGOsiqHAM.jpg,TOTL,not_food,0.7191
1064-receipt_jpg.rf.nHcQOcKEo2WnpDWsGI61.jpg,YOUR GUEST NUMBER IS,not_food,0.6181
1064-receipt_jpg.rf.nHcQOcKEo2WnpDWsGI61.jpg,> GR S only,not_food,0.7208
1064-receipt_jpg.rf.nHcQOcKEo2WnpDWsGI61.jpg,FF Animal,not_food,0.6
1064-receipt_jpg.rf.nHcQOcKEo2WnpDWsGI61.jpg,** C Shk,not_food,0.6854
1064-receipt_jpg.rf.nHcQOcKEo2WnpDWsGI61.jpg,Amount Due,not_food,0.763
receipt_image_195_jpg.rf.MOeVZssGZ4ugW4zjgbN4.jpg,2 Stadler Street,not_food,0.5684
receipt_image_195_jpg.rf.MOeVZssGZ4ugW4zjgbN4.jpg,TO GO,not_food,0.7274
receipt_image_195_jpg.rf.MOeVZssGZ4ugW4zjgbN4.jpg,Subtotal,not_food,0.5448
receipt_image_195_jpg.rf.MOeVZssGZ4ugW4zjgbN4.jpg,Return Policy: No returns,not_food,0.6652
receipt_image_135_jpg.rf.XoS5JLZIpdIIagQcbvyx.jpg,Dine In,not_food,0.5661
receipt_image_135_jpg.rf.XoS5JLZIpdIIagQcbvyx.jpg,SubTotal,not_food,0.5448
receipt_image_135_jpg.rf.XoS5JLZIpdIIagQcbvyx.jpg,ratity,not_food,0.6179
receipt_image_953_jpg.rf.BO0ruAXztC8VbSqoBlK5.jpg,Lhaue,not_food,0.7265
receipt_image_953_jpg.rf.BO0ruAXztC8VbSqoBlK5.jpg,OVALTINE,not_food,0.7735
receipt_image_953_jpg.rf.BO0ruAXztC8VbSqoBlK5.jpg,Save The Planet,not_food,0.6207
receipt_image_953_jpg.rf.BO0ruAXztC8VbSqoBlK5.jpg,Kendal,not_food,0.6277
receipt_image_962_jpg.rf.f9BZ5tIxqdSmEPvOUUEg.jpg,16 HOBART PLACE,not_food,0.7266
receipt_image_962_jpg.rf.f9BZ5tIxqdSmEPvOUUEg.jpg,OPTIONAL GRATUITY,not_food,0.709
receipt_image_627_jpg.rf.US5AExTPJcceCU2QudLz.jpg,Thank You. Please come again.,not_food,0.6283
receipt_image_627_jpg.rf.US5AExTPJcceCU2QudLz.jpg,No of items: 2,not_food,0.5243
receipt_image_627_jpg.rf.US5AExTPJcceCU2QudLz.jpg,Cash:RM,not_food,0.5188
receipt_image_627_jpg.rf.US5AExTPJcceCU2QudLz.jpg,Missed Point Today: 19,not_food,0.7958
receipt_image_627_jpg.rf.US5AExTPJcceCU2QudLz.jpg,Amount(RM),not_food,0.7259
receipt_image_627_jpg.rf.US5AExTPJcceCU2QudLz.jpg,Thank You. Please come again.,not_food,0.6283
receipt_image_627_jpg.rf.US5AExTPJcceCU2QudLz.jpg,"For feedback or complaint, please call:",not_food,0.5502
1031-receipt_jpg.rf.4pyyeN2G91w6LSF1lb8B.jpg,Taxes:,not_food,0.7424
1031-receipt_jpg.rf.4pyyeN2G91w6LSF1lb8B.jpg,THANK YOU!!!,not_food,0.7934
1031-receipt_jpg.rf.4pyyeN2G91w6LSF1lb8B.jpg,ALWAYS DRIVE SAFELY,not_food,0.7471
receipt_image_78_jpg.rf.MW1xQbcMPOU8xdye6Fin.jpg,Dine In,not_food,0.5661
receipt_image_78_jpg.rf.MW1xQbcMPOU8xdye6Fin.jpg,>> Ticket #: 94 <<,not_food,0.5283
receipt_image_464_jpg.rf.OBJLBeRQwTaTwgQLrJ50.jpg,GET,not_food,0.7386
receipt_image_464_jpg.rf.OBJLBeRQwTaTwgQLrJ50.jpg,THANKYOU,not_food,0.7325
receipt_image_707_jpg.rf.CbKhwZoZErSUjej4i0qN.jpg,Staff Namo:Pinky,not_food,0.7609
receipt_image_707_jpg.rf.CbKhwZoZErSUjej4i0qN.jpg,Token # 14587,not_food,0.6991
receipt_image_707_jpg.rf.CbKhwZoZErSUjej4i0qN.jpg,S1No,not_food,0.713
receipt_image_707_jpg.rf.CbKhwZoZErSUjej4i0qN.jpg,Quantity Price__Amount,not_food,0.7667
receipt_image_707_jpg.rf.CbKhwZoZErSUjej4i0qN.jpg,SUBTOTAL,not_food,0.5448
receipt_image_707_jpg.rf.CbKhwZoZErSUjej4i0qN.jpg,ot unt,not_food,0.743
receipt_image_707_jpg.rf.CbKhwZoZErSUjej4i0qN.jpg,SGST,not_food,0.5052
receipt_image_231_jpg.rf.Fx4YAdVIwytiX5HI9sYl.jpg,230 N. Brand Bivd.,not_food,0.7902
receipt_image_231_jpg.rf.Fx4YAdVIwytiX5HI9sYl.jpg,Dine In,not_food,0.5661
receipt_image_231_jpg.rf.Fx4YAdVIwytiX5HI9sYl.jpg,Guestani2,not_food,0.5644
receipt_image_32_jpg.rf.deqeekvwC0nVd4I3HcAI.jpg,Thal,not_food,0.6163
receipt_image_32_jpg.rf.deqeekvwC0nVd4I3HcAI.jpg,GUSTO,not_food,0.6423
receipt_image_32_jpg.rf.deqeekvwC0nVd4I3HcAI.jpg,Grand Total,not_food,0.7368
receipt_image_32_jpg.rf.deqeekvwC0nVd4I3HcAI.jpg,This is not a receipt.,not_food,0.7154
1051-receipt_jpg.rf.h9uX4ZYgrKfnnxHf5oA3.jpg,45 MAIN STREET,not_food,0.6718
1051-receipt_jpg.rf.h9uX4ZYgrKfnnxHf5oA3.jpg,Guests: 0,not_food,0.7446
1051-receipt_jpg.rf.h9uX4ZYgrKfnnxHf5oA3.jpg,Server:VERONIQUE,not_food,0.6854
1051-receipt_jpg.rf.h9uX4ZYgrKfnnxHf5oA3.jpg,Subtotal:,not_food,0.6053
1051-receipt_jpg.rf.h9uX4ZYgrKfnnxHf5oA3.jpg,THANKYOU,not_food,0.7325
1051-receipt_jpg.rf.h9uX4ZYgrKfnnxHf5oA3.jpg,TIM,not_food,0.7704
receipt_image_449_jpg.rf.gLDizdnvXOHxAwzafgbJ.jpg,STAR GROCER SDN BHD (1171881-W),not_food,0.7244
receipt_image_157_jpg.rf.PSfVtpiFWaaxkK9aY0f1.jpg,Matthews. NC/28105,not_food,0.7213
receipt_image_157_jpg.rf.PSfVtpiFWaaxkK9aY0f1.jpg,Dine In,not_food,0.5661
receipt_image_157_jpg.rf.PSfVtpiFWaaxkK9aY0f1.jpg,SA,not_food,0.7615
1159-receipt_jpg.rf.Lh5P8oLTGBiXxk63RCyo.jpg,DT>248,not_food,0.7592
1159-receipt_jpg.rf.Lh5P8oLTGBiXxk63RCyo.jpg,Host:,not_food,0.6278
1159-receipt_jpg.rf.Lh5P8oLTGBiXxk63RCyo.jpg,DT>248,not_food,0.7592
1159-receipt_jpg.rf.Lh5P8oLTGBiXxk63RCyo.jpg,Subtotal,not_food,0.5448
1141-receipt_jpg.rf.tUMQCb0VF3cgvbpDLlCc.jpg,1 X0 Sca11op Dump1ing,not_food,0.7684
1141-receipt_jpg.rf.tUMQCb0VF3cgvbpDLlCc.jpg,Subtotal,not_food,0.5448
1141-receipt_jpg.rf.tUMQCb0VF3cgvbpDLlCc.jpg,**GRATUITY NOT INCLUDED**,not_food,0.5216
receipt_image_536_jpg.rf.zOevHSYHnJ5FhbC8mux3.jpg,SUBTTL,not_food,0.7731
receipt_image_536_jpg.rf.zOevHSYHnJ5FhbC8mux3.jpg,Signature:,not_food,0.5784
receipt_image_536_jpg.rf.zOevHSYHnJ5FhbC8mux3.jpg,Thank you. Please come again,not_food,0.5745
receipt_image_495_jpg.rf.gLxKPlaXbQtWa2jW75ao.jpg,GST Payable:,not_food,0.6689
receipt_image_495_jpg.rf.gLxKPlaXbQtWa2jW75ao.jpg,TEMP STAFF,not_food,0.7984
receipt_image_495_jpg.rf.gLxKPlaXbQtWa2jW75ao.jpg,Amount(RM),not_food,0.7259
receipt_image_495_jpg.rf.gLxKPlaXbQtWa2jW75ao.jpg,POWERED BY SISPOS.COM.MY,not_food,0.5825
receipt_image_441_jpg.rf.U6rlgjXzCRlBHhaaimiX.jpg,C W KHOO HARDWARE SDN BHD,not_food,0.6414
receipt_image_441_jpg.rf.U6rlgjXzCRlBHhaaimiX.jpg,Printed Date,not_food,0.7146
receipt_image_441_jpg.rf.U6rlgjXzCRlBHhaaimiX.jpg,SR @ 6%,not_food,0.7581
receipt_image_441_jpg.rf.U6rlgjXzCRlBHhaaimiX.jpg,Thank You. Please Come Again!,not_food,0.6078
receipt_image_545_jpg.rf.3VP0VUKS9Ib8p4l9hGCv.jpg,PosNo:86,not_food,0.5616
receipt_image_545_jpg.rf.3VP0VUKS9Ib8p4l9hGCv.jpg,Price,not_food,0.699
receipt_image_545_jpg.rf.3VP0VUKS9Ib8p4l9hGCv.jpg,Amount(RM),not_food,0.7259
receipt_image_545_jpg.rf.3VP0VUKS9Ib8p4l9hGCv.jpg,Person,not_food,0.7651
receipt_image_545_jpg.rf.3VP0VUKS9Ib8p4l9hGCv.jpg,S-Admin,not_food,0.7951
1105-receipt_jpg.rf.0CXea8qkOXaePIYWIGZb.jpg,2BE,not_food,0.5632
1105-receipt_jpg.rf.0CXea8qkOXaePIYWIGZb.jpg,The Place 2 Be,not_food,0.7592
1105-receipt_jpg.rf.0CXea8qkOXaePIYWIGZb.jpg,*******,not_food,0.7536
1105-receipt_jpg.rf.0CXea8qkOXaePIYWIGZb.jpg,Dine-In,not_food,0.6416
1105-receipt_jpg.rf.0CXea8qkOXaePIYWIGZb.jpg,Subtotal,not_food,0.5448
1155-receipt_jpg.rf.T3AhZ0riVrtJxvYC01Ka.jpg,Chk 1501,not_food,0.7348
1155-receipt_jpg.rf.T3AhZ0riVrtJxvYC01Ka.jpg,Thank you for your custom.,not_food,0.6462
1155-receipt_jpg.rf.T3AhZ0riVrtJxvYC01Ka.jpg,Visit us online at,not_food,0.5875
receipt_image_901_jpg.rf.BZgvuB6dgBXMP7gbtapa.jpg,Jeffrey,not_food,0.5531
receipt_image_901_jpg.rf.BZgvuB6dgBXMP7gbtapa.jpg,CHASE VISA,not_food,0.7131
receipt_image_901_jpg.rf.BZgvuB6dgBXMP7gbtapa.jpg,Subtotal,not_food,0.5448
receipt_image_901_jpg.rf.BZgvuB6dgBXMP7gbtapa.jpg,Tip,not_food,0.7706
receipt_image_901_jpg.rf.BZgvuB6dgBXMP7gbtapa.jpg,Visa 9171 (Contactless),not_food,0.7619
receipt_image_689_jpg.rf.BnrApg1pcWsdUoGbJ3DS.jpg,Subtotal,not_food,0.5448
receipt_image_689_jpg.rf.BnrApg1pcWsdUoGbJ3DS.jpg,BALANCE DUE,not_food,0.7806
receipt_image_689_jpg.rf.BnrApg1pcWsdUoGbJ3DS.jpg,Processing fee will be removed,not_food,0.7075
receipt_image_153_jpg.rf.nU4PDmq19s4wDlD2Q7ap.jpg,BTDL,not_food,0.6952
receipt_image_153_jpg.rf.nU4PDmq19s4wDlD2Q7ap.jpg,SubTotal,not_food,0.5448
receipt_image_153_jpg.rf.nU4PDmq19s4wDlD2Q7ap.jpg,To Go,not_food,0.7274
receipt_image_938_jpg.rf.OGAsv9VybH0NPMe0EoKh.jpg,244 Highuay 290 W.,not_food,0.625
receipt_image_938_jpg.rf.OGAsv9VybH0NPMe0EoKh.jpg,Subtotal,not_food,0.5448
receipt_image_938_jpg.rf.OGAsv9VybH0NPMe0EoKh.jpg,BALANCE DUE,not_food,0.7806
receipt_image_938_jpg.rf.OGAsv9VybH0NPMe0EoKh.jpg,Processing fee will be removed,not_food,0.7075
receipt_image_236_jpg.rf.hdjd7pfO4fopvt1nsbNh.jpg,Pris,not_food,0.6771
receipt_image_236_jpg.rf.hdjd7pfO4fopvt1nsbNh.jpg,2 x Diavola,not_food,0.7021
receipt_image_86_jpg.rf.SAMNuV9TkIwbQxZTeXlv.jpg,PRICE,not_food,0.699
receipt_image_86_jpg.rf.SAMNuV9TkIwbQxZTeXlv.jpg,MEEC SENIOOR OER,not_food,0.7009
receipt_image_86_jpg.rf.SAMNuV9TkIwbQxZTeXlv.jpg,SUBTOTAL:,not_food,0.6053
receipt_image_86_jpg.rf.SAMNuV9TkIwbQxZTeXlv.jpg,Ta×(9.75%):,not_food,0.5933
1168-receipt_jpg.rf.KTBKFQAun2Yvbzgg9piL.jpg,Db1 Chbgr9AHJJETO Jx9T,not_food,0.662
1168-receipt_jpg.rf.KTBKFQAun2Yvbzgg9piL.jpg,Lg Bev Bar,not_food,0.5294
1168-receipt_jpg.rf.KTBKFQAun2Yvbzgg9piL.jpg,SubTotal,not_food,0.5448
1168-receipt_jpg.rf.KTBKFQAun2Yvbzgg9piL.jpg,To Go,not_food,0.7274
1168-receipt_jpg.rf.KTBKFQAun2Yvbzgg9piL.jpg,Items in bag(s): 4,not_food,0.506
1178-receipt_jpg.rf.keGD7daaswVSaI1mnCwq.jpg,2700 South Lamar Blvd,not_food,0.7274
1178-receipt_jpg.rf.keGD7daaswVSaI1mnCwq.jpg,3008 BAR PM B,not_food,0.7947
1178-receipt_jpg.rf.keGD7daaswVSaI1mnCwq.jpg,Chk 7862,not_food,0.667
1178-receipt_jpg.rf.keGD7daaswVSaI1mnCwq.jpg,Jan21'17 08:56P Gst 1,not_food,0.5196
receipt_image_522_jpg.rf.6wcDoI6s8H1iWJ1OMhSS.jpg,TotalQTY: 6,not_food,0.6906
receipt_image_522_jpg.rf.6wcDoI6s8H1iWJ1OMhSS.jpg,Amount(RM),not_food,0.7259
receipt_image_525_jpg.rf.BHQjmXDT5O8uWAVKEPu0.jpg,Amount(RM),not_food,0.7259
1023-receipt_jpg.rf.JKriOahpbPLwzJcXaJDy.jpg,GUSTO,not_food,0.6423
1023-receipt_jpg.rf.JKriOahpbPLwzJcXaJDy.jpg,Grand Total,not_food,0.7368
1023-receipt_jpg.rf.JKriOahpbPLwzJcXaJDy.jpg,This is not a receipt.,not_food,0.7154
1109-receipt_jpg.rf.LFA2CrkFuyuKKEgEv17F.jpg,Dine In#:137,not_food,0.7156
1109-receipt_jpg.rf.LFA2CrkFuyuKKEgEv17F.jpg,Thank You Very Muchl,not_food,0.7726
receipt_image_140_jpg.rf.JJiXGcp6eNiHQ29bVSYV.jpg,TAP,not_food,0.7924
receipt_image_140_jpg.rf.JJiXGcp6eNiHQ29bVSYV.jpg,Modelo Tap.,not_food,0.684
receipt_image_140_jpg.rf.JJiXGcp6eNiHQ29bVSYV.jpg,Governador,not_food,0.5869
receipt_image_90_jpg.rf.zwgDwE4pEYAifPnWaVPB.jpg,DENIS,not_food,0.5412
receipt_image_90_jpg.rf.zwgDwE4pEYAifPnWaVPB.jpg,Carryout,not_food,0.7485
receipt_image_90_jpg.rf.zwgDwE4pEYAifPnWaVPB.jpg,Extras,not_food,0.7227
receipt_image_90_jpg.rf.zwgDwE4pEYAifPnWaVPB.jpg,SUBTOTAL:,not_food,0.6053
receipt_image_90_jpg.rf.zwgDwE4pEYAifPnWaVPB.jpg,Carry Out,not_food,0.702
receipt_image_90_jpg.rf.zwgDwE4pEYAifPnWaVPB.jpg,Last Serviced,not_food,0.6973
receipt_image_90_jpg.rf.zwgDwE4pEYAifPnWaVPB.jpg,ThankYou!,not_food,0.7295
receipt_image_159_jpg.rf.bY782OuQlkxsIDlrfbNs.jpg,2023 South Pine Avenue,not_food,0.7561
receipt_image_159_jpg.rf.bY782OuQlkxsIDlrfbNs.jpg,0rder  45,not_food,0.7968
receipt_image_159_jpg.rf.bY782OuQlkxsIDlrfbNs.jpg,Server: Kyle118,not_food,0.7443
receipt_image_159_jpg.rf.bY782OuQlkxsIDlrfbNs.jpg,Pay This Amount:,not_food,0.7139
receipt_image_63_jpg.rf.ePI10H6AoeREoPCUVH2X.jpg,Guests: 5,not_food,0.5971
receipt_image_318_jpg.rf.1UPbWgYw9WmhdE2uTFpf.jpg,Subtotal:,not_food,0.6053
receipt_image_318_jpg.rf.1UPbWgYw9WmhdE2uTFpf.jpg,Local Tax,not_food,0.7072
receipt_image_587_jpg.rf.grdj9XPKlm6n0RHgfk0V.jpg,KE23-33-53 - 12/120,not_food,0.7199
receipt_image_620_jpg.rf.noBptKC2fR9G4qAEZzPr.jpg,DDIsC,not_food,0.7274
receipt_image_620_jpg.rf.noBptKC2fR9G4qAEZzPr.jpg,Sub Total (Exclusive GST):,not_food,0.5664
receipt_image_620_jpg.rf.noBptKC2fR9G4qAEZzPr.jpg,Amount(RM),not_food,0.7259
receipt_image_620_jpg.rf.noBptKC2fR9G4qAEZzPr.jpg,SR @ 6%,not_food,0.7581
receipt_image_620_jpg.rf.noBptKC2fR9G4qAEZzPr.jpg,THANK YOU AND PLEASE COME AGAIN.,not_food,0.5564
receipt_image_663_jpg.rf.2VjzYH162tsMd3KzJwgt.jpg,C W KHOO HARDWARE SDN BHD,not_food,0.6414
receipt_image_663_jpg.rf.2VjzYH162tsMd3KzJwgt.jpg,Printed Date,not_food,0.7146
receipt_image_663_jpg.rf.2VjzYH162tsMd3KzJwgt.jpg,Thank You. Please Come Again!,not_food,0.6078
1059-receipt_jpg.rf.CjFRdr9u29WMFa5Dk8Hl.jpg,APRILTO DECEMBER,not_food,0.7345
1059-receipt_jpg.rf.CjFRdr9u29WMFa5Dk8Hl.jpg,1 CUP CHOWDER,not_food,0.5621
receipt_image_128_jpg.rf.rGURZ9QCSFyUBNIy2vxH.jpg,216 S 11th Street,not_food,0.7403
receipt_image_128_jpg.rf.rGURZ9QCSFyUBNIy2vxH.jpg,Lro Clams\aussels,not_food,0.6446
1076-receipt_jpg.rf.WNNhnlsx7gIC2nHYQ32q.jpg,Travel Safely,not_food,0.7558
1076-receipt_jpg.rf.WNNhnlsx7gIC2nHYQ32q.jpg,www.paradisedine.com,not_food,0.5842
1076-receipt_jpg.rf.WNNhnlsx7gIC2nHYQ32q.jpg,Subtotal,not_food,0.5448
1076-receipt_jpg.rf.WNNhnlsx7gIC2nHYQ32q.jpg,Total Taxes,not_food,0.6395
1076-receipt_jpg.rf.WNNhnlsx7gIC2nHYQ32q.jpg,Grand Total,not_food,0.7368
1076-receipt_jpg.rf.WNNhnlsx7gIC2nHYQ32q.jpg,Credit Purchase,not_food,0.6695
receipt_image_441_jpg.rf.dMneoxexjSzxyTCOVRfV.jpg,C W KHOO HARDWARE SDN BHD,not_food,0.6414
receipt_image_441_jpg.rf.dMneoxexjSzxyTCOVRfV.jpg,Printed Date,not_food,0.7146
receipt_image_441_jpg.rf.dMneoxexjSzxyTCOVRfV.jpg,SR @ 6%,not_food,0.7581
receipt_image_441_jpg.rf.dMneoxexjSzxyTCOVRfV.jpg,Thank You. Please Come Again!,not_food,0.6078
1071-receipt_jpg.rf.zCz8LmBPQPz3b1yfkaft.jpg,EXPRESS,not_food,0.7763
1071-receipt_jpg.rf.zCz8LmBPQPz3b1yfkaft.jpg,We Welcome,not_food,0.6723
1071-receipt_jpg.rf.zCz8LmBPQPz3b1yfkaft.jpg,American Express Cards,not_food,0.5704
1186-receipt_jpg.rf.aJ8H4CKBbU84jRvxa4Gb.jpg,Primo,not_food,0.532
1186-receipt_jpg.rf.aJ8H4CKBbU84jRvxa4Gb.jpg,Amount Due,not_food,0.763
receipt_image_725_jpg.rf.DRrntBoVjDKeTgYKfscU.jpg,Jam : 21:56:17,not_food,0.7209
receipt_image_725_jpg.rf.DRrntBoVjDKeTgYKfscU.jpg,Pelayan : Default,not_food,0.703
receipt_image_725_jpg.rf.DRrntBoVjDKeTgYKfscU.jpg,No.Meja : 5.a,not_food,0.5978
receipt_image_725_jpg.rf.DRrntBoVjDKeTgYKfscU.jpg,"Grand Total: 86,000",not_food,0.5707
receipt_image_154_jpg.rf.AkOiF3yHtwe4VhMit5Jj.jpg,Stfolion,not_food,0.6975
receipt_image_154_jpg.rf.AkOiF3yHtwe4VhMit5Jj.jpg,ALBANY. NY 12205,not_food,0.7881
receipt_image_154_jpg.rf.AkOiF3yHtwe4VhMit5Jj.jpg,Server: Sarah,not_food,0.7149
receipt_image_154_jpg.rf.AkOiF3yHtwe4VhMit5Jj.jpg,Guestat 1,not_food,0.6341
receipt_image_154_jpg.rf.AkOiF3yHtwe4VhMit5Jj.jpg,Balance Due,not_food,0.7806
receipt_image_154_jpg.rf.AkOiF3yHtwe4VhMit5Jj.jpg,Gratuity,not_food,0.7789
1160-receipt_jpg.rf.6hjD6kYvaS4dJDJh3UTR.jpg,Dine In,not_food,0.5661
1160-receipt_jpg.rf.6hjD6kYvaS4dJDJh3UTR.jpg,Guests: 4,not_food,0.7079
receipt_image_113_jpg.rf.PY7n03OBuziaNYi1dSa5.jpg,HUT,not_food,0.6041
receipt_image_113_jpg.rf.PY7n03OBuziaNYi1dSa5.jpg,DINE_IN,not_food,0.7343
receipt_image_113_jpg.rf.PY7n03OBuziaNYi1dSa5.jpg,doc,not_food,0.7952
receipt_image_113_jpg.rf.PY7n03OBuziaNYi1dSa5.jpg,#GUEST,not_food,0.7797
receipt_image_113_jpg.rf.PY7n03OBuziaNYi1dSa5.jpg,sF1veLU,not_food,0.724
receipt_image_113_jpg.rf.PY7n03OBuziaNYi1dSa5.jpg,Subtotal,not_food,0.5448
receipt_image_113_jpg.rf.PY7n03OBuziaNYi1dSa5.jpg,Balance Due,not_food,0.7806
1101-receipt_jpg.rf.0G1AgmTR9ssEBqxLps3W.jpg,22413 BARTON ROAD,not_food,0.7967
1101-receipt_jpg.rf.0G1AgmTR9ssEBqxLps3W.jpg,DINE IN,not_food,0.5661
1101-receipt_jpg.rf.0G1AgmTR9ssEBqxLps3W.jpg,Bamboo shoots $1.00,not_food,0.6505
1101-receipt_jpg.rf.0G1AgmTR9ssEBqxLps3W.jpg,Subtotal,not_food,0.5448
receipt_image_605_jpg.rf.i7MVCrTqbDT4iO72j25A.jpg,Tota,not_food,0.7181
receipt_image_605_jpg.rf.i7MVCrTqbDT4iO72j25A.jpg,DARE,not_food,0.5377
receipt_image_605_jpg.rf.i7MVCrTqbDT4iO72j25A.jpg,"43300 SERIKEMBANGAN, SEL",not_food,0.7723
receipt_image_605_jpg.rf.i7MVCrTqbDT4iO72j25A.jpg,Price,not_food,0.699
receipt_image_605_jpg.rf.i7MVCrTqbDT4iO72j25A.jpg,Customer's Payment,not_food,0.5388
receipt_image_605_jpg.rf.i7MVCrTqbDT4iO72j25A.jpg,Amount (RM),not_food,0.7259
receipt_image_605_jpg.rf.i7MVCrTqbDT4iO72j25A.jpg,Thank hH,not_food,0.6581
receipt_image_39_jpg.rf.YqBagDF7LZfSYGUGhwzq.jpg,ntorey,not_food,0.5409
receipt_image_39_jpg.rf.YqBagDF7LZfSYGUGhwzq.jpg,"Hetaosa Beach, CA 90254",not_food,0.5765
receipt_image_39_jpg.rf.YqBagDF7LZfSYGUGhwzq.jpg,THANK YOUIL!,not_food,0.566
receipt_image_39_jpg.rf.YqBagDF7LZfSYGUGhwzq.jpg,ALWAYS DRIVE SAFELY,not_food,0.7471
1193-receipt_jpg.rf.IyJCk5sRhnJ5uKnzHUsi.jpg,2131 Price St.,not_food,0.7852
1193-receipt_jpg.rf.IyJCk5sRhnJ5uKnzHUsi.jpg,Nov30'14 05:35PM,not_food,0.6534
1193-receipt_jpg.rf.IyJCk5sRhnJ5uKnzHUsi.jpg,Subtotal,not_food,0.5448
receipt_image_149_jpg.rf.H2Jtc6DPjxKL59VgwAa0.jpg,211-37 26th Avenue,not_food,0.6433
receipt_image_149_jpg.rf.H2Jtc6DPjxKL59VgwAa0.jpg,"Bayside, NY 11360",not_food,0.7525
receipt_image_149_jpg.rf.H2Jtc6DPjxKL59VgwAa0.jpg,DINING ROOM,not_food,0.7452
receipt_image_149_jpg.rf.H2Jtc6DPjxKL59VgwAa0.jpg,Suggested Gratuity,not_food,0.5756
845482f465f204cc2d4d5be47ccabb35_jpg.rf.eO7AInJmSyOpFJY4D8jt.jpg,325 N Alafaya,not_food,0.5329
845482f465f204cc2d4d5be47ccabb35_jpg.rf.eO7AInJmSyOpFJY4D8jt.jpg,SALE,not_food,0.5532
845482f465f204cc2d4d5be47ccabb35_jpg.rf.eO7AInJmSyOpFJY4D8jt.jpg,APPR #:4A10S,not_food,0.6792
845482f465f204cc2d4d5be47ccabb35_jpg.rf.eO7AInJmSyOpFJY4D8jt.jpg,TRACE #: 9,not_food,0.7806
845482f465f204cc2d4d5be47ccabb35_jpg.rf.eO7AInJmSyOpFJY4D8jt.jpg,1 Tree Hut,not_food,0.7143
845482f465f204cc2d4d5be47ccabb35_jpg.rf.eO7AInJmSyOpFJY4D8jt.jpg,SUBTOTAL:,not_food,0.6053
1128-receipt_jpg.rf.ec8az20uokRvRYLnavMy.jpg,Subtotal,not_food,0.5448
1128-receipt_jpg.rf.ec8az20uokRvRYLnavMy.jpg,Thank you for your visit!,not_food,0.7872
1128-receipt_jpg.rf.ec8az20uokRvRYLnavMy.jpg,Order 83V4QQC31PPMT,not_food,0.7557
1156-receipt_jpg.rf.WWi8l36amUGbDjz5IIDA.jpg,Price Total,not_food,0.7643
1156-receipt_jpg.rf.WWi8l36amUGbDjz5IIDA.jpg,Petit Pain,not_food,0.6706
1156-receipt_jpg.rf.WWi8l36amUGbDjz5IIDA.jpg,Net SubTotal:,not_food,0.6639
1156-receipt_jpg.rf.WWi8l36amUGbDjz5IIDA.jpg,20%VAT,not_food,0.6737
1156-receipt_jpg.rf.WWi8l36amUGbDjz5IIDA.jpg,**********9529,not_food,0.7717
receipt_image_152_jpg.rf.C2hbgnp2oZGQtSeqULdw.jpg,Pappadeaux Seafood Kitchen (612),not_food,0.6624
1035-receipt_jpg.rf.8M6cV8zd3UkKBZdYh2i3.jpg,Subtotal:,not_food,0.6053
1035-receipt_jpg.rf.8M6cV8zd3UkKBZdYh2i3.jpg,MIKE.,not_food,0.6743
1035-receipt_jpg.rf.8M6cV8zd3UkKBZdYh2i3.jpg,EXPRESS,not_food,0.7763
1055-receipt_jpg.rf.r76j2Z79yFS0LMQVh9Xq.jpg,THANKS CALL AGAIN 516-483-0936,not_food,0.7802
1055-receipt_jpg.rf.r76j2Z79yFS0LMQVh9Xq.jpg,SIERRA,not_food,0.5539
1055-receipt_jpg.rf.r76j2Z79yFS0LMQVh9Xq.jpg,MAC&CHZ,not_food,0.7686
1055-receipt_jpg.rf.r76j2Z79yFS0LMQVh9Xq.jpg,MAC&CHZ,not_food,0.7686
1055-receipt_jpg.rf.r76j2Z79yFS0LMQVh9Xq.jpg,1 COLL GRN,not_food,0.7419
1055-receipt_jpg.rf.r76j2Z79yFS0LMQVh9Xq.jpg,TOTL,not_food,0.7191
receipt_image_47_jpg.rf.PXj4fNGQN3lxQjNZr5PH.jpg,http//www.sukhothaius.com,not_food,0.7429
receipt_image_47_jpg.rf.PXj4fNGQN3lxQjNZr5PH.jpg,DINE-IN,not_food,0.6416
receipt_image_47_jpg.rf.PXj4fNGQN3lxQjNZr5PH.jpg,Lunch,not_food,0.7046
receipt_image_47_jpg.rf.PXj4fNGQN3lxQjNZr5PH.jpg,Lunch,not_food,0.7046
receipt_image_47_jpg.rf.PXj4fNGQN3lxQjNZr5PH.jpg,Subtotal,not_food,0.5448
receipt_image_47_jpg.rf.PXj4fNGQN3lxQjNZr5PH.jpg,Service fees on tables,not_food,0.6318
receipt_image_47_jpg.rf.PXj4fNGQN3lxQjNZr5PH.jpg,CREDIT CARD AUTH,not_food,0.7946
receipt_image_654_jpg.rf.iGsXa2WNJ4rwWh5U5AFE.jpg,TF Value-Mart Sdn Bhd (482123-U),not_food,0.7193
receipt_image_654_jpg.rf.iGsXa2WNJ4rwWh5U5AFE.jpg,TENDER,not_food,0.7216
receipt_image_654_jpg.rf.iGsXa2WNJ4rwWh5U5AFE.jpg,Goods,not_food,0.6617
receipt_image_654_jpg.rf.iGsXa2WNJ4rwWh5U5AFE.jpg,Please Retain Receipt In Case Of Goods Exchange,not_food,0.73
receipt_image_654_jpg.rf.iGsXa2WNJ4rwWh5U5AFE.jpg,"Within 7 Days Of Purchase Except PERISHABLE,",not_food,0.7573
receipt_image_102_jpg.rf.P23toPYvJckV2idCheRr.jpg,GRILLE,not_food,0.6806
1100-receipt_jpg.rf.HPlU3Aq6Hr8iExzlS1hk.jpg,OTY ITE,not_food,0.6051
1100-receipt_jpg.rf.HPlU3Aq6Hr8iExzlS1hk.jpg,Subtotal,not_food,0.5448
1100-receipt_jpg.rf.HPlU3Aq6Hr8iExzlS1hk.jpg,Take-Dut Tota!,not_food,0.6542
1198-receipt_jpg.rf.TXzxGXfG4xDrG1JdERpI.jpg,Collins Ave,not_food,0.7222
1198-receipt_jpg.rf.TXzxGXfG4xDrG1JdERpI.jpg,1 Avion Silver RX,not_food,0.5981
1198-receipt_jpg.rf.TXzxGXfG4xDrG1JdERpI.jpg,SUBTOTAL,not_food,0.5448
1198-receipt_jpg.rf.TXzxGXfG4xDrG1JdERpI.jpg,A ev,not_food,0.7546
1198-receipt_jpg.rf.TXzxGXfG4xDrG1JdERpI.jpg,Resort Tax,not_food,0.5472
1158-receipt_jpg.rf.umTP69fgYCL6uMO3p6LI.jpg,50250 KUALA LUMPUR,not_food,0.5147
1158-receipt_jpg.rf.umTP69fgYCL6uMO3p6LI.jpg,Subtotal:,not_food,0.6053
1158-receipt_jpg.rf.umTP69fgYCL6uMO3p6LI.jpg,************3042,not_food,0.7914
1022-receipt_jpg.rf.9ssswh0PPltraXvAJOGa.jpg,PAID REPRINT 1,not_food,0.7782
1022-receipt_jpg.rf.9ssswh0PPltraXvAJOGa.jpg,PRICE,not_food,0.699
1022-receipt_jpg.rf.9ssswh0PPltraXvAJOGa.jpg,SUBTOTAL,not_food,0.5448
receipt_image_575_jpg.rf.OJdkTGyKpK0aVj3alofc.jpg,Puctiang,not_food,0.5614
receipt_image_575_jpg.rf.OJdkTGyKpK0aVj3alofc.jpg,TSHPOWER HARDWARE,not_food,0.6677
receipt_image_575_jpg.rf.OJdkTGyKpK0aVj3alofc.jpg,Price,not_food,0.699
receipt_image_575_jpg.rf.OJdkTGyKpK0aVj3alofc.jpg,Amount(RM),not_food,0.7259
receipt_image_555_jpg.rf.BHfvCOQjlAL4Ch8e5XDu.jpg,CnD,not_food,0.6035
receipt_image_555_jpg.rf.BHfvCOQjlAL4Ch8e5XDu.jpg,Bill To :,not_food,0.7236
receipt_image_555_jpg.rf.BHfvCOQjlAL4Ch8e5XDu.jpg,Doc No.,not_food,0.6627
receipt_image_555_jpg.rf.BHfvCOQjlAL4Ch8e5XDu.jpg,Salesperson,not_food,0.5617
receipt_image_376_jpg.rf.DEpjOeZAGgflCiUOACpS.jpg,LOVE frOM KINJO,not_food,0.7993
receipt_image_376_jpg.rf.DEpjOeZAGgflCiUOACpS.jpg,sign up Today!,not_food,0.586
receipt_image_376_jpg.rf.DEpjOeZAGgflCiUOACpS.jpg,KinjoClub.com,not_food,0.7971
1154-receipt_jpg.rf.OiNnEpKzV1aIf4ldLlqQ.jpg,Dine In,not_food,0.5661
1154-receipt_jpg.rf.OiNnEpKzV1aIf4ldLlqQ.jpg,Guests: 2,not_food,0.6353
1154-receipt_jpg.rf.OiNnEpKzV1aIf4ldLlqQ.jpg,Modelo Tap.,not_food,0.684
receipt_image_442_jpg.rf.r2PPvO4RI6ZINz94yj9y.jpg,SEKSYEN10433O0 SERIKEMBANGAN.,not_food,0.5509
receipt_image_442_jpg.rf.r2PPvO4RI6ZINz94yj9y.jpg,Doc No,not_food,0.6441
receipt_image_442_jpg.rf.r2PPvO4RI6ZINz94yj9y.jpg,Salesperson,not_food,0.5617
receipt_image_442_jpg.rf.r2PPvO4RI6ZINz94yj9y.jpg,HOMECAREGASCOAL 5OMG,not_food,0.7941
receipt_image_442_jpg.rf.r2PPvO4RI6ZINz94yj9y.jpg,DETTOL 50 ML,not_food,0.6456
receipt_image_501_jpg.rf.kvKVUKvPlEhJGetbi42G.jpg,SETAPAK.,not_food,0.7803
receipt_image_501_jpg.rf.kvKVUKvPlEhJGetbi42G.jpg,"53200, KUALA LUMPUR.",not_food,0.5017
receipt_image_501_jpg.rf.kvKVUKvPlEhJGetbi42G.jpg,Doc No.,not_food,0.6627
receipt_image_501_jpg.rf.kvKVUKvPlEhJGetbi42G.jpg,Salesperson,not_food,0.5617
receipt_image_501_jpg.rf.kvKVUKvPlEhJGetbi42G.jpg,hnge,not_food,0.7133
receipt_image_311_jpg.rf.RPBkDFIR4C8ayLgGZCMV.jpg,MANGALORE TADKA,not_food,0.7736
receipt_image_311_jpg.rf.RPBkDFIR4C8ayLgGZCMV.jpg,LUNCH HOME,not_food,0.6497
receipt_image_311_jpg.rf.RPBkDFIR4C8ayLgGZCMV.jpg,Mob. 8433820427.,not_food,0.6427
receipt_image_311_jpg.rf.RPBkDFIR4C8ayLgGZCMV.jpg,BILL NO: 16,not_food,0.6539
receipt_image_311_jpg.rf.RPBkDFIR4C8ayLgGZCMV.jpg,PRICE,not_food,0.699
receipt_image_311_jpg.rf.RPBkDFIR4C8ayLgGZCMV.jpg,SGST,not_food,0.5052
receipt_image_311_jpg.rf.RPBkDFIR4C8ayLgGZCMV.jpg,TOTAL AHT,not_food,0.5368
receipt_image_311_jpg.rf.RPBkDFIR4C8ayLgGZCMV.jpg,Again !!!,not_food,0.6568
receipt_image_752_jpg.rf.YutCwN3dlkIuYORfyNHw.jpg,etirs,not_food,0.6489
receipt_image_752_jpg.rf.YutCwN3dlkIuYORfyNHw.jpg,ÉIPA AANG,not_food,0.7371
receipt_image_752_jpg.rf.YutCwN3dlkIuYORfyNHw.jpg,Dine In,not_food,0.5661
receipt_image_752_jpg.rf.YutCwN3dlkIuYORfyNHw.jpg,4 items,not_food,0.751
receipt_image_752_jpg.rf.YutCwN3dlkIuYORfyNHw.jpg,Subtotal,not_food,0.5448
receipt_image_752_jpg.rf.YutCwN3dlkIuYORfyNHw.jpg,Grand Total :,not_food,0.7669
receipt_image_752_jpg.rf.YutCwN3dlkIuYORfyNHw.jpg,NOT PAID,not_food,0.6298
1084-receipt_jpg.rf.fqIAf5BugY0vQeVebUUH.jpg,328 WashingtonStreet,not_food,0.5339
1084-receipt_jpg.rf.fqIAf5BugY0vQeVebUUH.jpg,Subtotal,not_food,0.5448
1084-receipt_jpg.rf.fqIAf5BugY0vQeVebUUH.jpg,GRAND TOTAL,not_food,0.7368
receipt_image_690_jpg.rf.mPbl5poXFJZgeCC9u98p.jpg,DINING ROOM,not_food,0.7452
receipt_image_632_jpg.rf.yOOcmxoPygP9Na7PbRAN.jpg,Cashier:FT10060,not_food,0.5556
receipt_image_632_jpg.rf.yOOcmxoPygP9Na7PbRAN.jpg,Rounding Adj,not_food,0.7404
receipt_image_632_jpg.rf.yOOcmxoPygP9Na7PbRAN.jpg,THANK YOU PLEASE COME AGAIN!!,not_food,0.5483
receipt_image_924_jpg.rf.yljNMMosqLSTzdnRapeq.jpg,Dine In,not_food,0.5661
receipt_image_924_jpg.rf.yljNMMosqLSTzdnRapeq.jpg,Serven BOSS,not_food,0.5004
receipt_image_924_jpg.rf.yljNMMosqLSTzdnRapeq.jpg,No.ofCuest:2,not_food,0.6456
receipt_image_924_jpg.rf.yljNMMosqLSTzdnRapeq.jpg,[Rol],not_food,0.7063
receipt_image_924_jpg.rf.yljNMMosqLSTzdnRapeq.jpg,TAX(6%):,not_food,0.765
receipt_image_924_jpg.rf.yljNMMosqLSTzdnRapeq.jpg,THANK YOU VERY MUCH,not_food,0.7918
receipt_image_493_jpg.rf.rS9KrakwHLKhjvpYcsB3.jpg,53000 KUALA LUMPUR.,not_food,0.5888
receipt_image_493_jpg.rf.rS9KrakwHLKhjvpYcsB3.jpg,Amount(RM),not_food,0.7259
convenience-store-receipt1_jpg.rf.Gll8qIJN5D6NjKuMyMZC.jpg,THANKS FOR SHOPPING,not_food,0.6225
convenience-store-receipt1_jpg.rf.Gll8qIJN5D6NjKuMyMZC.jpg,with Convenience Store,not_food,0.5806
convenience-store-receipt1_jpg.rf.Gll8qIJN5D6NjKuMyMZC.jpg,1 PROMOTION 5 Hr EnergyXS 1.93Z,not_food,0.6429
convenience-store-receipt1_jpg.rf.Gll8qIJN5D6NjKuMyMZC.jpg,SUBTOTAL,not_food,0.5448
convenience-store-receipt1_jpg.rf.Gll8qIJN5D6NjKuMyMZC.jpg,ACCT TYPE : DDA,not_food,0.771
convenience-store-receipt1_jpg.rf.Gll8qIJN5D6NjKuMyMZC.jpg,TERM SEQ#: 515224,not_food,0.7417
convenience-store-receipt1_jpg.rf.Gll8qIJN5D6NjKuMyMZC.jpg,TOTAL AMOUNT ACCORDING TO THE,not_food,0.5832
convenience-store-receipt1_jpg.rf.Gll8qIJN5D6NjKuMyMZC.jpg,CARD HOLDERS AGREEMENT,not_food,0.7785
receipt_image_130_jpg.rf.osAyOGPZXxboUl64hQ15.jpg,CHLOEB1,not_food,0.5827
receipt_image_130_jpg.rf.osAyOGPZXxboUl64hQ15.jpg,Guests:,not_food,0.6189
receipt_image_130_jpg.rf.osAyOGPZXxboUl64hQ15.jpg,[Seat 1],not_food,0.7594
receipt_image_130_jpg.rf.osAyOGPZXxboUl64hQ15.jpg,Subtotal:,not_food,0.6053
receipt_image_130_jpg.rf.osAyOGPZXxboUl64hQ15.jpg,Visa EMV,not_food,0.7111
receipt_image_130_jpg.rf.osAyOGPZXxboUl64hQ15.jpg,ch1oe81.com,not_food,0.6435
receipt_image_184_jpg.rf.i7X2nJ1kDgLFm3F1mTQz.jpg,FASTFOOD,not_food,0.77
receipt_image_184_jpg.rf.i7X2nJ1kDgLFm3F1mTQz.jpg,143 DOTY CIRCLE,not_food,0.7174
receipt_image_184_jpg.rf.i7X2nJ1kDgLFm3F1mTQz.jpg,PRICE,not_food,0.699
receipt_image_184_jpg.rf.i7X2nJ1kDgLFm3F1mTQz.jpg,SUBTOTAL,not_food,0.5448
receipt_image_475_jpg.rf.lHXaNrVIGf4dgUCWh84W.jpg,POPULAR BOOK,not_food,0.5882
receipt_image_475_jpg.rf.lHXaNrVIGf4dgUCWh84W.jpg,(M)SDN BHD,not_food,0.6443
receipt_image_475_jpg.rf.lHXaNrVIGf4dgUCWh84W.jpg,Te1,not_food,0.7565
receipt_image_475_jpg.rf.lHXaNrVIGf4dgUCWh84W.jpg,AND ENJOY SPECIAL DISCOUNTS,not_food,0.534
receipt_image_475_jpg.rf.lHXaNrVIGf4dgUCWh84W.jpg,THANK YOU. PLEASE COME AGAIN.,not_food,0.6283
1003-receipt_jpg.rf.JKRJq9OkEZ1RiPv2he83.jpg,Dine In,not_food,0.5661
1003-receipt_jpg.rf.JKRJq9OkEZ1RiPv2he83.jpg,Bar Tab: Bar Tab,not_food,0.7775
1003-receipt_jpg.rf.JKRJq9OkEZ1RiPv2he83.jpg,Ispoop yeys,not_food,0.7519
1003-receipt_jpg.rf.JKRJq9OkEZ1RiPv2he83.jpg,gue,not_food,0.5252
receipt_image_532_jpg.rf.pLswq9OWMR6NXkmfqqvg.jpg,Price,not_food,0.699
receipt_image_532_jpg.rf.pLswq9OWMR6NXkmfqqvg.jpg,GST Summan,not_food,0.55
receipt_image_532_jpg.rf.pLswq9OWMR6NXkmfqqvg.jpg,Amount(RM),not_food,0.7259
receipt_image_407_jpg.rf.sgCwiZFLaai3qVyD0Ydi.jpg,l. Boulevard Raya Gading Serpong,not_food,0.7696
receipt_image_407_jpg.rf.sgCwiZFLaai3qVyD0Ydi.jpg,wwooouid,not_food,0.6388
receipt_image_295_jpg.rf.gQa0LEQvXiID7B1o3vbX.jpg,Thank You & Visit Again,not_food,0.7643
1145-receipt_jpg.rf.PyacHAqP5uTgF8qpcnGZ.jpg,Chk 55,not_food,0.7323
1145-receipt_jpg.rf.PyacHAqP5uTgF8qpcnGZ.jpg,1 **TAKE OUT**,not_food,0.7765
1145-receipt_jpg.rf.PyacHAqP5uTgF8qpcnGZ.jpg,Subtotal,not_food,0.5448
1145-receipt_jpg.rf.PyacHAqP5uTgF8qpcnGZ.jpg,PLEASE PAY YOUR SERVER,not_food,0.5826
1141-receipt_jpg.rf.ucmMbnf81q2hC0oCSO7o.jpg,1 X0 Sca1lop Dump1ing,not_food,0.7597
1141-receipt_jpg.rf.ucmMbnf81q2hC0oCSO7o.jpg,Subtotal,not_food,0.5448
1141-receipt_jpg.rf.ucmMbnf81q2hC0oCSO7o.jpg,**GRATUITY NOT INCLUDED**,not_food,0.5216
receipt_image_428_jpg.rf.PgSKcwoV8op5hBI124WF.jpg,PT INDOMARCO PRISMATAMA,not_food,0.7925
receipt_image_428_jpg.rf.PgSKcwoV8op5hBI124WF.jpg,JLANCOL VB-1OANCOL,not_food,0.753
receipt_image_428_jpg.rf.PgSKcwoV8op5hBI124WF.jpg,SEDAAP MI AY BW TL73,not_food,0.7493
receipt_image_428_jpg.rf.PgSKcwoV8op5hBI124WF.jpg,EMAIL:KONTAK@INDOMARET.CO.ID,not_food,0.7498
receipt_image_734_jpg.rf.I34aKdvkQGssrL8itxty.jpg,× 500'X,not_food,0.7737
receipt_image_734_jpg.rf.I34aKdvkQGssrL8itxty.jpg,TAS REBANA TANGGUNG KUNING,not_food,0.5485
receipt_image_734_jpg.rf.I34aKdvkQGssrL8itxty.jpg,GLOBAL,not_food,0.7989
1064-receipt_jpg.rf.xxvr1JaWmbtlcivK7oqR.jpg,YOUR GUEST NUMBER IS,not_food,0.6181
1064-receipt_jpg.rf.xxvr1JaWmbtlcivK7oqR.jpg,> GR S only,not_food,0.7208
1064-receipt_jpg.rf.xxvr1JaWmbtlcivK7oqR.jpg,FF Animal,not_food,0.6
1064-receipt_jpg.rf.xxvr1JaWmbtlcivK7oqR.jpg,** C Shk,not_food,0.6854
1064-receipt_jpg.rf.xxvr1JaWmbtlcivK7oqR.jpg,Amount Due,not_food,0.763
receipt_image_464_jpg.rf.4uCbDwpCcMYklw3CIrnq.jpg,AMIT,not_food,0.569
receipt_image_464_jpg.rf.4uCbDwpCcMYklw3CIrnq.jpg,PROEMK 10W LED ETCK,not_food,0.5844
receipt_image_464_jpg.rf.4uCbDwpCcMYklw3CIrnq.jpg,GET,not_food,0.7386
receipt_image_464_jpg.rf.4uCbDwpCcMYklw3CIrnq.jpg,THANKYOU,not_food,0.7325
1042-receipt_jpg.rf.OjKehXW6RhV7xUToPzMe.jpg,Guests:1,not_food,0.6134
1042-receipt_jpg.rf.OjKehXW6RhV7xUToPzMe.jpg,Server:DANIELA,not_food,0.7417
1042-receipt_jpg.rf.OjKehXW6RhV7xUToPzMe.jpg,Subtotal:,not_food,0.6053
receipt_image_660_jpg.rf.ewBL9NcIg0FCsn0Iyo3A.jpg,QTY U.PRICE RM(TOTAL),not_food,0.7434
receipt_image_660_jpg.rf.ewBL9NcIg0FCsn0Iyo3A.jpg,GRAND TOTAL,not_food,0.7368
receipt_image_660_jpg.rf.ewBL9NcIg0FCsn0Iyo3A.jpg,"TOKEN NO: O, STATION ID: A1. PID: POS",not_food,0.7331
receipt_image_260_jpg.rf.UgLs0VpreHjeu48TJrCS.jpg,Eric Steer,not_food,0.5375
receipt_image_260_jpg.rf.UgLs0VpreHjeu48TJrCS.jpg,Price,not_food,0.699
receipt_image_260_jpg.rf.UgLs0VpreHjeu48TJrCS.jpg,Lorem ipsum dolor sit,not_food,0.6638
receipt_image_260_jpg.rf.UgLs0VpreHjeu48TJrCS.jpg,Lorem ipsum dolor sit,not_food,0.6638
1197-receipt_jpg.rf.NLnZgPrk6qI80Y2uiOq3.jpg,PARTLTA 1UA00200430635,not_food,0.6137
1197-receipt_jpg.rf.NLnZgPrk6qI80Y2uiOq3.jpg,Hacnt,not_food,0.5278
receipt_image_755_jpg.rf.IGy8z0ygcitLeifvUZ7c.jpg,and tell us about your visit.,not_food,0.5988
receipt_image_755_jpg.rf.IGy8z0ygcitLeifvUZ7c.jpg,30600 DYER ST (W*M #2031),not_food,0.786
receipt_image_755_jpg.rf.IGy8z0ygcitLeifvUZ7c.jpg,UNION CITY.CA 94587,not_food,0.5688
receipt_image_755_jpg.rf.IGy8z0ygcitLeifvUZ7c.jpg,Subtotal,not_food,0.5448
receipt_image_683_jpg.rf.pxRgFp7ealjm82BqOmri.jpg,Guests: 2,not_food,0.6353
receipt_image_683_jpg.rf.pxRgFp7ealjm82BqOmri.jpg,2 The Drifter,not_food,0.6176
receipt_image_683_jpg.rf.pxRgFp7ealjm82BqOmri.jpg,I Amer Kobe Filet,not_food,0.6916
receipt_image_683_jpg.rf.pxRgFp7ealjm82BqOmri.jpg,Subtotal,not_food,0.5448
receipt_image_561_jpg.rf.jdMCfnjUCdofspAovKvx.jpg,47200 Subang,not_food,0.5464
receipt_image_561_jpg.rf.jdMCfnjUCdofspAovKvx.jpg,Qnty Amount,not_food,0.5111
receipt_image_561_jpg.rf.jdMCfnjUCdofspAovKvx.jpg,S: Standard 6%,not_food,0.5786
receipt_image_561_jpg.rf.jdMCfnjUCdofspAovKvx.jpg,New Balance,not_food,0.795
receipt_image_134_jpg.rf.oP83bsEchybjE44HzCjZ.jpg,1 Prom Dog Comba,not_food,0.5891
receipt_image_134_jpg.rf.oP83bsEchybjE44HzCjZ.jpg,Hed Tots,not_food,0.6813
receipt_image_134_jpg.rf.oP83bsEchybjE44HzCjZ.jpg,How was your vlsit?,not_food,0.6849
receipt_image_24_jpg.rf.5L4zosY4vjcx9LmbrXFB.jpg,Now Hyde Park NY 11040,not_food,0.5636
receipt_image_24_jpg.rf.5L4zosY4vjcx9LmbrXFB.jpg,Dine In,not_food,0.5661
receipt_image_24_jpg.rf.5L4zosY4vjcx9LmbrXFB.jpg,SubTotal,not_food,0.5448
receipt_image_24_jpg.rf.5L4zosY4vjcx9LmbrXFB.jpg,Have A Nice Day,not_food,0.5827
1138-receipt_jpg.rf.T94MgbH9b7v1nQpUCdd6.jpg,Dine In,not_food,0.5661
1138-receipt_jpg.rf.T94MgbH9b7v1nQpUCdd6.jpg,Tropical,not_food,0.7908
1138-receipt_jpg.rf.T94MgbH9b7v1nQpUCdd6.jpg,Subtotal,not_food,0.5448
receipt_image_524_jpg.rf.lEEr53byQdq8bD5abrFN.jpg,Amount(RM),not_food,0.7259
receipt_image_289_jpg.rf.G8MU78e2Unsbadr63ViR.jpg,COUVERT(S),not_food,0.657
receipt_image_289_jpg.rf.G8MU78e2Unsbadr63ViR.jpg,9 ARTHUR,not_food,0.7827
1079-receipt_jpg.rf.rrFiDNuSzXuHu9xkgumC.jpg,"Falmouth, MA 02540",not_food,0.58
1079-receipt_jpg.rf.rrFiDNuSzXuHu9xkgumC.jpg,Items,not_food,0.7278
1079-receipt_jpg.rf.rrFiDNuSzXuHu9xkgumC.jpg,EXPRESS,not_food,0.7763
receipt_image_40_jpg.rf.kMn5wN2tQQ0brwl1VPvL.jpg,THANKS CALL AGAIN 516-341-7075,not_food,0.7725
receipt_image_40_jpg.rf.kMn5wN2tQQ0brwl1VPvL.jpg,1 COLL GRN - SMALL,not_food,0.6551
receipt_image_40_jpg.rf.kMn5wN2tQQ0brwl1VPvL.jpg,TOTL,not_food,0.7191
receipt_image_40_jpg.rf.kMn5wN2tQQ0brwl1VPvL.jpg,COME AGAIN,not_food,0.5201
1187-receipt_jpg.rf.1ZsLam75saw4mFQRKdb1.jpg,Server: Sarah A,not_food,0.5237
1187-receipt_jpg.rf.1ZsLam75saw4mFQRKdb1.jpg,Short Stack,not_food,0.6145
1187-receipt_jpg.rf.1ZsLam75saw4mFQRKdb1.jpg,Subtotal:,not_food,0.6053
1187-receipt_jpg.rf.1ZsLam75saw4mFQRKdb1.jpg,Follow Us On,not_food,0.6468
1095-receipt_jpg.rf.DUbZOA8jm5X90TUNL4iU.jpg,BBQ,not_food,0.5614
1075-receipt_jpg.rf.dvQvBIi37GNYBaMEoDbV.jpg,1 FXN DIET BIRCH,not_food,0.6201
1075-receipt_jpg.rf.dvQvBIi37GNYBaMEoDbV.jpg,SUBTOTAL:,not_food,0.6053
1075-receipt_jpg.rf.dvQvBIi37GNYBaMEoDbV.jpg,THANKYOU!!,not_food,0.6847
receipt_image_664_jpg.rf.9WxDlRPyHn34mPma9DEV.jpg,Amount(RM),not_food,0.7259
receipt_image_664_jpg.rf.9WxDlRPyHn34mPma9DEV.jpg,Thank You. Please come again,not_food,0.5745
